{"channels": "abc", "mean": [0.9840554344759487, 0.8755981931261713, 0.6316798941519054], "std": [0.02483983374949999, 0.1000598717655575, 0.09321217802577801], "use_clahe": false}